,feature,weight,std
0,PS01,0.7624968911946862,0.002645211990263486
1,dayc,0.5503966751840133,0.0018156928511889581
2,RH01,0.23344479171131613,0.0005153262458697434
3,idx,0.1274379301386241,0.0010667118085202086
4,hour,0.09261349044582012,0.0006378919042452648
5,WD01,0.04373703344133759,0.000490043712237299
6,WD02,0.04143301869692695,0.0005908854015173234
7,year,0.016074034535003067,0.00034475593996079456
8,PP01,0.009867230365349578,0.00013525699802212623
