,feature,weight,std
0,OverallQual,1.5408907883959526,0.01852117088773298
1,YearBuilt,0.5673494482327961,0.03476104051362051
2,MoSold,0.23054448156054716,0.025945482877879726
3,YrSold,0.20213045515989583,0.022551430902272147
4,OverallCond,0.121904414149519,0.011316274280597395
