,feature,weight,std
0,F3,0.0618543840744481,0.0981183187602153
1,F1,0.02984410259837058,0.16916303797762067
2,F2,0.004818213851784358,0.16041460595982987
3,F0,-0.028336348258526555,0.10128349189461452
4,F4,-0.2347932555575361,0.0962101150790041
