,feature,weight,std
0,F4,1.9764941836189145,0.001439731034983231
1,F3,0.019836901061559997,3.0703836716964785e-05
2,F2,0.0001982787547837317,5.526296899478292e-07
3,F1,1.9783683550267384e-06,5.489885126978346e-09
4,F0,1.9058797917637094e-08,5.660262735620036e-11
