,feature,weight,std
0,F4,1.9648019305829418,0.12548187667239788
1,F3,0.01475333315263938,0.002503506418201796
2,F2,0.0006670965481190505,0.00030498573919515823
3,F1,0.0004121115390012031,6.726008319620466e-05
4,F0,0.00020494967865423153,1.8840940512074738e-05
