,feature,weight,std
0,SalePrice,2.0012421003811647,0.0444860654111388
