,feature,weight,std
0,SalePrice,2.0285948443088913,0.026114599330378564
