,feature,weight,std
0,GarageArea,1.6513969968300202,0.045688706550830176
1,YrSold,0.25600708483671986,0.02382657823062212
