,feature,weight,std
0,F1,0.24935282574639336,0.14749213163981495
1,F3,0.09554006926913021,0.12418838705781861
2,F4,0.08104507656875648,0.0764794822099174
3,F0,-0.009390016268686052,0.06809481133306322
4,F2,-0.03517970356099061,0.06848100447769294
