,feature,weight,std
0,F4,0.11427762036098317,0.003170373490964514
1,F2,0.10093199845425929,0.00571701213673533
2,F1,0.09940723501332101,0.0073406190718234305
3,F3,0.0973634838677901,0.0033832894707422306
4,F0,0.09684596942107912,0.0038219310209522558
