,feature,weight,std
0,F2,0.3803004079930465,0.057720558656458525
1,F3,0.33805934590441045,0.20087772691685418
2,F4,0.28586876972145675,0.20091252585268932
3,F1,0.26577029836099125,0.27024858834966226
4,F0,-0.03226900779049395,0.0387101404751373
