,feature,weight,std
0,GarageArea,1.3255546102727402,0.04299487622516256
1,YrSold,0.1418206501322771,0.020241164747447946
