,feature,weight,std
0,F2,0.1110487927095039,0.0031610655978989103
1,F0,0.10949323954856807,0.0033792950610586118
2,F3,0.10906384238924996,0.005175098533636793
3,F1,0.10198201518990216,0.006098872696410871
4,F4,0.09103441607323277,0.004357854745879338
