,feature,weight,std
0,GarageArea,1.5939276632301325,0.04595364860782959
1,YrSold,0.3388863201721142,0.03562999526548242
